任务ID,任务类型,设计等级,任务名称,任务描述,目标描述,人物等级>,人物等级<,VIP等级,前置任务ID,属性ID类型,类型参数,奖励ID
number,string,number,string,string,string,number,number,number,number,number,number,number
id,type,lv,name,desc,desc2,minlv,maxlv,viplv,perid,tasktype,taskvalue,rewardid
,,,,,,,,,,,,
40001,1,1,征战九州,不经冬寒，不知春暖。,<P>击败 <red>泰山-3</red> 的守军，距离目标还差 <red>{0}</red> 波敌人</p>,1,999,0,0,1,1003,50501
40002,1,2,征战九州,不挑担子不知重，不走长路不知远。,<P>击败 <red>泰山-6</red> 的守军，距离目标还差 <red>{0}</red> 波敌人</p>,1,999,0,40001,1,1006,50502
40003,1,3,征战九州,不在被中睡，不知被儿宽。,<P>击败 <red>泰山-9</red> 的守军，距离目标还差 <red>{0}</red> 波敌人</p>,1,999,0,40002,1,1009,50503
40004,1,4,征战九州,不下水，一辈子不会游泳；不扬帆，一辈子不会撑船。,<P>击败 <red>泰山-10</red> 的守军，距离目标还差 <red>{0}</red> 波敌人</p>,1,999,0,40003,1,1010,50504
40005,1,5,征战九州,不当家，不知柴米贵；不生子，不知父母恩。,<P>击败 <red>东阿-3</red> 的守军，距离目标还差 <red>{0}</red> 波敌人</p>,1,999,0,40004,1,1013,50505
40006,1,6,征战九州,不摸锅底手不黑，不拿油瓶手不腻。,<P>击败 <red>东阿-6</red> 的守军，距离目标还差 <red>{0}</red> 波敌人</p>,1,999,0,40005,1,1016,50506
40007,1,7,征战九州,水落现石头，日久见人心。,<P>击败 <red>东阿-10</red> 的守军，距离目标还差 <red>{0}</red> 波敌人</p>,1,999,0,40006,1,1020,50507
40008,1,8,征战九州,打铁的要自己把钳，种地的要自己下田。,<P>击败 <red>濮阳-3</red> 的守军，距离目标还差 <red>{0}</red> 波敌人</p>,1,999,0,40007,1,1023,50508
40009,1,9,征战九州,打柴问樵夫，驶船问艄公。,<P>击败 <red>濮阳-6</red> 的守军，距离目标还差 <red>{0}</red> 波敌人</p>,1,999,0,40008,1,1026,50509
40010,1,10,征战九州,宁可做过，不可错过。,<P>击败 <red>濮阳-10</red> 的守军，距离目标还差 <red>{0}</red> 波敌人</p>,1,999,0,40009,1,1030,50510
40011,1,11,征战九州,头回上当，二回心亮。,<P>击败 <red>小沛-3</red> 的守军，距离目标还差 <red>{0}</red> 波敌人</p>,1,999,0,40010,1,1033,50511
40012,1,12,征战九州,发回水，积层泥；经一事，长一智。,<P>击败 <red>小沛-6</red> 的守军，距离目标还差 <red>{0}</red> 波敌人</p>,1,999,0,40011,1,1036,50512
40013,1,13,征战九州,耳听为虚，眼见为实。,<P>击败 <red>小沛-10</red> 的守军，距离目标还差 <red>{0}</red> 波敌人</p>,1,999,0,40012,1,1040,50513
40014,1,14,征战九州,老马识路数，老人通世故。,<P>击败 <red>北海-3</red> 的守军，距离目标还差 <red>{0}</red> 波敌人</p>,1,999,0,40013,1,1043,50514
40015,1,15,征战九州,老人不讲古，后生会失谱。,<P>击败 <red>北海-10</red> 的守军，距离目标还差 <red>{0}</red> 波敌人</p>,1,999,0,40014,1,1050,50515
40016,1,16,征战九州,老牛肉有嚼头，老人言有听头。,<P>击败 <red>东武-3</red> 的守军，距离目标还差 <red>{0}</red> 波敌人</p>,1,999,0,40015,1,1053,50516
40017,1,17,征战九州,老姜辣味大，老人经验多。,<P>击败 <red>东武-6</red> 的守军，距离目标还差 <red>{0}</red> 波敌人</p>,1,999,0,40016,1,1056,50517
40018,1,18,征战九州,百闻不如一见，百见不如一干。,<P>击败 <red>东武-10</red> 的守军，距离目标还差 <red>{0}</red> 波敌人</p>,1,999,0,40017,1,1060,50518
40019,1,19,征战九州,吃一回亏，学一回乖。,<P>击败 <red>下邳-3</red> 的守军，距离目标还差 <red>{0}</red> 波敌人</p>,1,999,0,40018,1,1063,50519
40020,1,20,征战九州,当家才知盐米贵，出门才晓路难行。,<P>击败 <red>下邳-10</red> 的守军，距离目标还差 <red>{0}</red> 波敌人</p>,1,999,0,40019,1,1070,50520
40021,1,21,征战九州,一等二靠三落空，一想二干三成功。,<P>击败 <red>乌江-3</red> 的守军，距离目标还差 <red>{0}</red> 波敌人</p>,1,999,0,40020,1,1073,50521
40022,1,22,征战九州,一天不练手脚慢，两天不练丢一半，三天不练门外汉，四天不练瞪眼看。,<P>击败 <red>乌江-6</red> 的守军，距离目标还差 <red>{0}</red> 波敌人</p>,1,999,0,40021,1,1076,50522
40023,1,23,征战九州,十年练得好文秀才，十年练不成田秀才。,<P>击败 <red>乌江-10</red> 的守军，距离目标还差 <red>{0}</red> 波敌人</p>,1,999,0,40022,1,1080,50523
40024,1,24,征战九州,人在世上练，刀在石上磨。,<P>击败 <red>寿春-6</red> 的守军，距离目标还差 <red>{0}</red> 波敌人</p>,1,999,0,40023,1,1086,50524
40025,1,25,征战九州,人行千里路，胜读十年书。,<P>击败 <red>寿春-10</red> 的守军，距离目标还差 <red>{0}</red> 波敌人</p>,1,999,0,40024,1,1090,50525
40026,1,26,征战九州,人心隔肚皮，看人看行为。,<P>击败 <red>石亭-3</red> 的守军，距离目标还差 <red>{0}</red> 波敌人</p>,1,999,0,40025,1,1093,50526
40027,1,27,征战九州,力是压大的，胆是吓大的。,<P>击败 <red>石亭-6</red> 的守军，距离目标还差 <red>{0}</red> 波敌人</p>,1,999,0,40026,1,1096,50527
40028,1,28,征战九州,三天不念口生，三年不做手生。,<P>击败 <red>石亭-10</red> 的守军，距离目标还差 <red>{0}</red> 波敌人</p>,1,999,0,40027,1,1100,50528
40029,1,29,征战九州,口说无凭，事实为证。,<P>击败 <red>庐江-6</red> 的守军，距离目标还差 <red>{0}</red> 波敌人</p>,1,999,0,40028,1,1106,50529
40030,1,30,征战九州,湖里游着大鲤鱼，不如桌上小鲫鱼。,<P>击败 <red>庐江-10</red> 的守军，距离目标还差 <red>{0}</red> 波敌人</p>,1,999,0,40029,1,1110,50530
40031,1,31,征战九州,口说不如身到，耳闻不如目睹。,<P>击败 <red>建邺-3</red> 的守军，距离目标还差 <red>{0}</red> 波敌人</p>,1,999,0,40030,1,1113,50531
40032,1,32,征战九州,山里孩子不怕狼，城里孩子不怕官。,<P>击败 <red>建邺-6</red> 的守军，距离目标还差 <red>{0}</red> 波敌人</p>,1,999,0,40031,1,1116,50532
40033,1,33,征战九州,万句言语吃不饱，一捧流水能解渴。,<P>击败 <red>建邺-10</red> 的守军，距离目标还差 <red>{0}</red> 波敌人</p>,1,999,0,40032,1,1120,50533
40034,1,34,征战九州,山是一步一步登上来的，船是一橹一橹摇出去的。,<P>击败 <red>吴郡-6</red> 的守军，距离目标还差 <red>{0}</red> 波敌人</p>,1,999,0,40033,1,1126,50534
40035,1,35,征战九州,千学不如一看，千看不如一练。,<P>击败 <red>吴郡-10</red> 的守军，距离目标还差 <red>{0}</red> 波敌人</p>,1,999,0,40034,1,1130,50535
40036,1,36,征战九州,久住坡，不嫌陡。,<P>击败 <red>丹阳-3</red> 的守军，距离目标还差 <red>{0}</red> 波敌人</p>,1,999,0,40035,1,1133,50536
40037,1,37,征战九州,马看牙板，人看言行。,<P>击败 <red>丹阳-6</red> 的守军，距离目标还差 <red>{0}</red> 波敌人</p>,1,999,0,40036,1,1136,50537
40038,1,38,征战九州,打铁的要自己把钳，种地的要自己下田。,<P>击败 <red>丹阳-10</red> 的守军，距离目标还差 <red>{0}</red> 波敌人</p>,1,999,0,40037,1,1140,50538
40039,1,39,征战九州,打柴问樵夫，驶船问艄公。,<P>击败 <red>会稽-6</red> 的守军，距离目标还差 <red>{0}</red> 波敌人</p>,1,999,0,40038,1,1146,50539
40040,1,40,征战九州,宁可做过，不可错过。,<P>击败 <red>会稽-10</red> 的守军，距离目标还差 <red>{0}</red> 波敌人</p>,1,999,0,40039,1,1150,50540
40041,1,41,征战九州,头回上当，二回心亮。,<P>击败 <red>邺城-3</red> 的守军，距离目标还差 <red>{0}</red> 波敌人</p>,1,999,0,40040,1,1153,50541
40042,1,42,征战九州,发回水，积层泥；经一事，长一智。,<P>击败 <red>邺城-6</red> 的守军，距离目标还差 <red>{0}</red> 波敌人</p>,1,999,0,40041,1,1156,50542
40043,1,43,征战九州,耳听为虚，眼见为实。,<P>击败 <red>邺城-10</red> 的守军，距离目标还差 <red>{0}</red> 波敌人</p>,1,999,0,40042,1,1160,50543
40044,1,44,征战九州,老马识路数，老人通世故。,<P>击败 <red>平原-6</red> 的守军，距离目标还差 <red>{0}</red> 波敌人</p>,1,999,0,40043,1,1166,50544
40045,1,45,征战九州,老人不讲古，后生会失谱。,<P>击败 <red>平原-10</red> 的守军，距离目标还差 <red>{0}</red> 波敌人</p>,1,999,0,40044,1,1170,50545
40046,1,46,征战九州,老牛肉有嚼头，老人言有听头。,<P>击败 <red>清河-3</red> 的守军，距离目标还差 <red>{0}</red> 波敌人</p>,1,999,0,40045,1,1173,50546
40047,1,47,征战九州,老姜辣味大，老人经验多。,<P>击败 <red>清河-6</red> 的守军，距离目标还差 <red>{0}</red> 波敌人</p>,1,999,0,40046,1,1176,50547
40048,1,48,征战九州,百闻不如一见，百见不如一干。,<P>击败 <red>清河-10</red> 的守军，距离目标还差 <red>{0}</red> 波敌人</p>,1,999,0,40047,1,1180,50548
40049,1,49,征战九州,吃一回亏，学一回乖。,<P>击败 <red>南皮-6</red> 的守军，距离目标还差 <red>{0}</red> 波敌人</p>,1,999,0,40048,1,1186,50549
40050,1,50,征战九州,当家才知盐米贵，出门才晓路难行。,<P>击败 <red>南皮-10</red> 的守军，距离目标还差 <red>{0}</red> 波敌人</p>,1,999,0,40049,1,1190,50550
40051,1,51,征战九州,不经冬寒，不知春暖。,<P>击败 <red>桂阳-3</red> 的守军，距离目标还差 <red>{0}</red> 波敌人</p>,1,999,0,40050,1,1193,50551
40052,1,52,征战九州,不挑担子不知重，不走长路不知远。,<P>击败 <red>桂阳-6</red> 的守军，距离目标还差 <red>{0}</red> 波敌人</p>,1,999,0,40051,1,1196,50552
40053,1,53,征战九州,不在被中睡，不知被儿宽。,<P>击败 <red>桂阳-9</red> 的守军，距离目标还差 <red>{0}</red> 波敌人</p>,1,999,0,40052,1,1199,50553
40054,1,54,征战九州,不下水，一辈子不会游泳；不扬帆，一辈子不会撑船。,<P>击败 <red>桂阳-10</red> 的守军，距离目标还差 <red>{0}</red> 波敌人</p>,1,999,0,40053,1,1200,50554
40055,1,55,征战九州,不当家，不知柴米贵；不生子，不知父母恩。,<P>击败 <red>零陵-3</red> 的守军，距离目标还差 <red>{0}</red> 波敌人</p>,1,999,0,40054,1,1203,50555
40056,1,56,征战九州,不摸锅底手不黑，不拿油瓶手不腻。,<P>击败 <red>零陵-6</red> 的守军，距离目标还差 <red>{0}</red> 波敌人</p>,1,999,0,40055,1,1206,50556
40057,1,57,征战九州,水落现石头，日久见人心。,<P>击败 <red>零陵-10</red> 的守军，距离目标还差 <red>{0}</red> 波敌人</p>,1,999,0,40056,1,1210,50557
40058,1,58,征战九州,打铁的要自己把钳，种地的要自己下田。,<P>击败 <red>武陵-3</red> 的守军，距离目标还差 <red>{0}</red> 波敌人</p>,1,999,0,40057,1,1213,50558
40059,1,59,征战九州,打柴问樵夫，驶船问艄公。,<P>击败 <red>武陵-6</red> 的守军，距离目标还差 <red>{0}</red> 波敌人</p>,1,999,0,40058,1,1216,50559
40060,1,60,征战九州,宁可做过，不可错过。,<P>击败 <red>武陵-10</red> 的守军，距离目标还差 <red>{0}</red> 波敌人</p>,1,999,0,40059,1,1220,50560
40061,1,61,征战九州,头回上当，二回心亮。,<P>击败 <red>长沙-3</red> 的守军，距离目标还差 <red>{0}</red> 波敌人</p>,1,999,0,40060,1,1223,50561
40062,1,62,征战九州,发回水，积层泥；经一事，长一智。,<P>击败 <red>长沙-6</red> 的守军，距离目标还差 <red>{0}</red> 波敌人</p>,1,999,0,40061,1,1226,50562
40063,1,63,征战九州,耳听为虚，眼见为实。,<P>击败 <red>长沙-10</red> 的守军，距离目标还差 <red>{0}</red> 波敌人</p>,1,999,0,40062,1,1230,50563
40064,1,64,征战九州,老马识路数，老人通世故。,<P>击败 <red>柴桑-3</red> 的守军，距离目标还差 <red>{0}</red> 波敌人</p>,1,999,0,40063,1,1233,50564
40065,1,65,征战九州,老人不讲古，后生会失谱。,<P>击败 <red>柴桑-10</red> 的守军，距离目标还差 <red>{0}</red> 波敌人</p>,1,999,0,40064,1,1240,50565
40066,1,66,征战九州,老牛肉有嚼头，老人言有听头。,<P>击败 <red>汝南-3</red> 的守军，距离目标还差 <red>{0}</red> 波敌人</p>,1,999,0,40065,1,1243,50566
40067,1,67,征战九州,老姜辣味大，老人经验多。,<P>击败 <red>汝南-6</red> 的守军，距离目标还差 <red>{0}</red> 波敌人</p>,1,999,0,40066,1,1246,50567
40068,1,68,征战九州,百闻不如一见，百见不如一干。,<P>击败 <red>汝南-10</red> 的守军，距离目标还差 <red>{0}</red> 波敌人</p>,1,999,0,40067,1,1250,50568
40069,1,69,征战九州,吃一回亏，学一回乖。,<P>击败 <red>江夏-3</red> 的守军，距离目标还差 <red>{0}</red> 波敌人</p>,1,999,0,40068,1,1253,50569
40070,1,70,征战九州,当家才知盐米贵，出门才晓路难行。,<P>击败 <red>江夏-10</red> 的守军，距离目标还差 <red>{0}</red> 波敌人</p>,1,999,0,40069,1,1260,50570
40071,1,71,征战九州,一等二靠三落空，一想二干三成功。,<P>击败 <red>新野-3</red> 的守军，距离目标还差 <red>{0}</red> 波敌人</p>,1,999,0,40070,1,1263,50571
40072,1,72,征战九州,一天不练手脚慢，两天不练丢一半，三天不练门外汉，四天不练瞪眼看。,<P>击败 <red>新野-6</red> 的守军，距离目标还差 <red>{0}</red> 波敌人</p>,1,999,0,40071,1,1266,50572
40073,1,73,征战九州,十年练得好文秀才，十年练不成田秀才。,<P>击败 <red>新野-10</red> 的守军，距离目标还差 <red>{0}</red> 波敌人</p>,1,999,0,40072,1,1270,50573
40074,1,74,征战九州,人在世上练，刀在石上磨。,<P>击败 <red>襄阳-6</red> 的守军，距离目标还差 <red>{0}</red> 波敌人</p>,1,999,0,40073,1,1276,50574
40075,1,75,征战九州,人行千里路，胜读十年书。,<P>击败 <red>襄阳-10</red> 的守军，距离目标还差 <red>{0}</red> 波敌人</p>,1,999,0,40074,1,1280,50575
40076,1,76,征战九州,人心隔肚皮，看人看行为。,<P>击败 <red>江陵-3</red> 的守军，距离目标还差 <red>{0}</red> 波敌人</p>,1,999,0,40075,1,1283,50576
40077,1,77,征战九州,力是压大的，胆是吓大的。,<P>击败 <red>江陵-6</red> 的守军，距离目标还差 <red>{0}</red> 波敌人</p>,1,999,0,40076,1,1286,50577
40078,1,78,征战九州,三天不念口生，三年不做手生。,<P>击败 <red>江陵-10</red> 的守军，距离目标还差 <red>{0}</red> 波敌人</p>,1,999,0,40077,1,1290,50578
40079,1,79,征战九州,口说无凭，事实为证。,<P>击败 <red>永安-6</red> 的守军，距离目标还差 <red>{0}</red> 波敌人</p>,1,999,0,40078,1,1296,50579
40080,1,80,征战九州,湖里游着大鲤鱼，不如桌上小鲫鱼。,<P>击败 <red>永安-10</red> 的守军，距离目标还差 <red>{0}</red> 波敌人</p>,1,999,0,40079,1,1300,50580
40081,1,81,征战九州,口说不如身到，耳闻不如目睹。,<P>击败 <red>江州-3</red> 的守军，距离目标还差 <red>{0}</red> 波敌人</p>,1,999,0,40080,1,1303,50581
40082,1,82,征战九州,山里孩子不怕狼，城里孩子不怕官。,<P>击败 <red>江州-6</red> 的守军，距离目标还差 <red>{0}</red> 波敌人</p>,1,999,0,40081,1,1306,50582
40083,1,83,征战九州,万句言语吃不饱，一捧流水能解渴。,<P>击败 <red>江州-10</red> 的守军，距离目标还差 <red>{0}</red> 波敌人</p>,1,999,0,40082,1,1310,50583
40084,1,84,征战九州,山是一步一步登上来的，船是一橹一橹摇出去的。,<P>击败 <red>梓潼-6</red> 的守军，距离目标还差 <red>{0}</red> 波敌人</p>,1,999,0,40083,1,1316,50584
40085,1,85,征战九州,千学不如一看，千看不如一练。,<P>击败 <red>梓潼-10</red> 的守军，距离目标还差 <red>{0}</red> 波敌人</p>,1,999,0,40084,1,1320,50585
40086,1,86,征战九州,久住坡，不嫌陡。,<P>击败 <red>涪水关-3</red> 的守军，距离目标还差 <red>{0}</red> 波敌人</p>,1,999,0,40085,1,1323,50586
40087,1,87,征战九州,马看牙板，人看言行。,<P>击败 <red>涪水关-6</red> 的守军，距离目标还差 <red>{0}</red> 波敌人</p>,1,999,0,40086,1,1326,50587
40088,1,88,征战九州,打铁的要自己把钳，种地的要自己下田。,<P>击败 <red>涪水关-10</red> 的守军，距离目标还差 <red>{0}</red> 波敌人</p>,1,999,0,40087,1,1330,50588
40089,1,89,征战九州,打柴问樵夫，驶船问艄公。,<P>击败 <red>成都-6</red> 的守军，距离目标还差 <red>{0}</red> 波敌人</p>,1,999,0,40088,1,1336,50589
40090,1,90,征战九州,宁可做过，不可错过。,<P>击败 <red>成都-10</red> 的守军，距离目标还差 <red>{0}</red> 波敌人</p>,1,999,0,40089,1,1340,50590
40091,1,91,征战九州,头回上当，二回心亮。,<P>击败 <red>剑阁-3</red> 的守军，距离目标还差 <red>{0}</red> 波敌人</p>,1,999,0,40090,1,1343,50591
40092,1,92,征战九州,发回水，积层泥；经一事，长一智。,<P>击败 <red>剑阁-6</red> 的守军，距离目标还差 <red>{0}</red> 波敌人</p>,1,999,0,40091,1,1346,50592
40093,1,93,征战九州,耳听为虚，眼见为实。,<P>击败 <red>剑阁-10</red> 的守军，距离目标还差 <red>{0}</red> 波敌人</p>,1,999,0,40092,1,1350,50593
40094,1,94,征战九州,老马识路数，老人通世故。,<P>击败 <red>葭萌关-6</red> 的守军，距离目标还差 <red>{0}</red> 波敌人</p>,1,999,0,40093,1,1356,50594
40095,1,95,征战九州,老人不讲古，后生会失谱。,<P>击败 <red>葭萌关-10</red> 的守军，距离目标还差 <red>{0}</red> 波敌人</p>,1,999,0,40094,1,1360,50595
40096,1,96,征战九州,老牛肉有嚼头，老人言有听头。,<P>击败 <red>汉中-3</red> 的守军，距离目标还差 <red>{0}</red> 波敌人</p>,1,999,0,40095,1,1363,50596
40097,1,97,征战九州,老姜辣味大，老人经验多。,<P>击败 <red>汉中-6</red> 的守军，距离目标还差 <red>{0}</red> 波敌人</p>,1,999,0,40096,1,1366,50597
40098,1,98,征战九州,百闻不如一见，百见不如一干。,<P>击败 <red>汉中-10</red> 的守军，距离目标还差 <red>{0}</red> 波敌人</p>,1,999,0,40097,1,1370,50598
40099,1,99,征战九州,吃一回亏，学一回乖。,<P>击败 <red>阳平关-6</red> 的守军，距离目标还差 <red>{0}</red> 波敌人</p>,1,999,0,40098,1,1376,50599
40100,1,100,征战九州,当家才知盐米贵，出门才晓路难行。,<P>击败 <red>阳平关-10</red> 的守军，距离目标还差 <red>{0}</red> 波敌人</p>,1,999,0,40099,1,1380,50600
40101,1,101,征战九州,头回上当，二回心亮。,<P>击败 <red>长安-3</red> 的守军，距离目标还差 <red>{0}</red> 波敌人</p>,1,999,0,40100,1,1383,50601
40102,1,102,征战九州,发回水，积层泥；经一事，长一智。,<P>击败 <red>长安-6</red> 的守军，距离目标还差 <red>{0}</red> 波敌人</p>,1,999,0,40101,1,1386,50602
40103,1,103,征战九州,耳听为虚，眼见为实。,<P>击败 <red>长安-10</red> 的守军，距离目标还差 <red>{0}</red> 波敌人</p>,1,999,0,40102,1,1390,50603
40104,1,104,征战九州,老马识路数，老人通世故。,<P>击败 <red>潼关-3</red> 的守军，距离目标还差 <red>{0}</red> 波敌人</p>,1,999,0,40103,1,1393,50604
40105,1,105,征战九州,老人不讲古，后生会失谱。,<P>击败 <red>潼关-6</red> 的守军，距离目标还差 <red>{0}</red> 波敌人</p>,1,999,0,40104,1,1396,50605
40106,1,106,征战九州,老牛肉有嚼头，老人言有听头。,<P>击败 <red>潼关-10</red> 的守军，距离目标还差 <red>{0}</red> 波敌人</p>,1,999,0,40105,1,1400,50606
40107,1,107,征战九州,老姜辣味大，老人经验多。,<P>击败 <red>宛城-3</red> 的守军，距离目标还差 <red>{0}</red> 波敌人</p>,1,999,0,40106,1,1403,50607
40108,1,108,征战九州,百闻不如一见，百见不如一干。,<P>击败 <red>宛城-10</red> 的守军，距离目标还差 <red>{0}</red> 波敌人</p>,1,999,0,40107,1,1410,50608
40109,1,109,征战九州,吃一回亏，学一回乖。,<P>击败 <red>许昌-3</red> 的守军，距离目标还差 <red>{0}</red> 波敌人</p>,1,999,0,40108,1,1413,50609
40110,1,110,征战九州,当家才知盐米贵，出门才晓路难行。,<P>击败 <red>许昌-6</red> 的守军，距离目标还差 <red>{0}</red> 波敌人</p>,1,999,0,40109,1,1416,50610
40111,1,111,征战九州,一等二靠三落空，一想二干三成功。,<P>击败 <red>许昌-10</red> 的守军，距离目标还差 <red>{0}</red> 波敌人</p>,1,999,0,40110,1,1420,50611
40112,1,112,征战九州,一天不练手脚慢，两天不练丢一半，三天不练门外汉，四天不练瞪眼看。,<P>击败 <red>虎牢关-3</red> 的守军，距离目标还差 <red>{0}</red> 波敌人</p>,1,999,0,40111,1,1423,50612
40113,1,113,征战九州,十年练得好文秀才，十年练不成田秀才。,<P>击败 <red>虎牢关-6</red> 的守军，距离目标还差 <red>{0}</red> 波敌人</p>,1,999,0,40112,1,1426,50613
40114,1,114,征战九州,人在世上练，刀在石上磨。,<P>击败 <red>虎牢关-10</red> 的守军，距离目标还差 <red>{0}</red> 波敌人</p>,1,999,0,40113,1,1430,50614
40115,1,115,征战九州,人行千里路，胜读十年书。,<P>击败 <red>洛阳-3</red> 的守军，距离目标还差 <red>{0}</red> 波敌人</p>,1,999,0,40114,1,1433,50615
40116,1,116,征战九州,人心隔肚皮，看人看行为。,<P>击败 <red>洛阳-6</red> 的守军，距离目标还差 <red>{0}</red> 波敌人</p>,1,999,0,40115,1,1436,50616
40117,1,117,征战九州,力是压大的，胆是吓大的。,<P>击败 <red>洛阳-10</red> 的守军，距离目标还差 <red>{0}</red> 波敌人</p>,1,999,0,40116,1,1440,50617
40118,1,118,征战九州,头回上当，二回心亮。,<P>击败 <red>平阳-3</red> 的守军，距离目标还差 <red>{0}</red> 波敌人</p>,1,999,0,40117,1,1443,50618
40119,1,119,征战九州,发回水，积层泥；经一事，长一智。,<P>击败 <red>平阳-6</red> 的守军，距离目标还差 <red>{0}</red> 波敌人</p>,1,999,0,40118,1,1446,50619
40120,1,120,征战九州,耳听为虚，眼见为实。,<P>击败 <red>平阳-10</red> 的守军，距离目标还差 <red>{0}</red> 波敌人</p>,1,999,0,40119,1,1450,50620
40121,1,121,征战九州,老马识路数，老人通世故。,<P>击败 <red>晋阳-3</red> 的守军，距离目标还差 <red>{0}</red> 波敌人</p>,1,999,0,40120,1,1453,50621
40122,1,122,征战九州,老人不讲古，后生会失谱。,<P>击败 <red>晋阳-6</red> 的守军，距离目标还差 <red>{0}</red> 波敌人</p>,1,999,0,40121,1,1456,50622
40123,1,123,征战九州,老牛肉有嚼头，老人言有听头。,<P>击败 <red>晋阳-10</red> 的守军，距离目标还差 <red>{0}</red> 波敌人</p>,1,999,0,40122,1,1460,50623
40124,1,124,征战九州,老姜辣味大，老人经验多。,<P>击败 <red>雁门-3</red> 的守军，距离目标还差 <red>{0}</red> 波敌人</p>,1,999,0,40123,1,1463,50624
40125,1,125,征战九州,百闻不如一见，百见不如一干。,<P>击败 <red>雁门-6</red> 的守军，距离目标还差 <red>{0}</red> 波敌人</p>,1,999,0,40124,1,1466,50625
40126,1,126,征战九州,吃一回亏，学一回乖。,<P>击败 <red>雁门-10</red> 的守军，距离目标还差 <red>{0}</red> 波敌人</p>,1,999,0,40125,1,1470,50626
40127,1,127,征战九州,当家才知盐米贵，出门才晓路难行。,<P>击败 <red>弘农-3</red> 的守军，距离目标还差 <red>{0}</red> 波敌人</p>,1,999,0,40126,1,1473,50627
40128,1,128,征战九州,头回上当，二回心亮。,<P>击败 <red>弘农-6</red> 的守军，距离目标还差 <red>{0}</red> 波敌人</p>,1,999,0,40127,1,1476,50628
40129,1,129,征战九州,发回水，积层泥；经一事，长一智。,<P>击败 <red>弘农-10</red> 的守军，距离目标还差 <red>{0}</red> 波敌人</p>,1,999,0,40128,1,1480,50629
40130,1,130,征战九州,耳听为虚，眼见为实。,<P>击败 <red>安定-3</red> 的守军，距离目标还差 <red>{0}</red> 波敌人</p>,1,999,0,40129,1,1483,50630
40131,1,131,征战九州,老马识路数，老人通世故。,<P>击败 <red>安定-6</red> 的守军，距离目标还差 <red>{0}</red> 波敌人</p>,1,999,0,40130,1,1486,50631
40132,1,132,征战九州,老人不讲古，后生会失谱。,<P>击败 <red>安定-10</red> 的守军，距离目标还差 <red>{0}</red> 波敌人</p>,1,999,0,40131,1,1490,50632
40133,1,133,征战九州,老牛肉有嚼头，老人言有听头。,<P>击败 <red>匈奴-3</red> 的守军，距离目标还差 <red>{0}</red> 波敌人</p>,1,999,0,40132,1,1493,50633
40134,1,134,征战九州,老姜辣味大，老人经验多。,<P>击败 <red>匈奴-6</red> 的守军，距离目标还差 <red>{0}</red> 波敌人</p>,1,999,0,40133,1,1496,50634
40135,1,135,征战九州,百闻不如一见，百见不如一干。,<P>击败 <red>匈奴-10</red> 的守军，距离目标还差 <red>{0}</red> 波敌人</p>,1,999,0,40134,1,1500,50635
40136,1,136,征战九州,老牛肉有嚼头，老人言有听头。,<P>击败 <red>蓟-3</red> 的守军，距离目标还差 <red>{0}</red> 波敌人</p>,1,999,0,40135,1,1503,50636
40137,1,137,征战九州,老姜辣味大，老人经验多。,<P>击败 <red>蓟-6</red> 的守军，距离目标还差 <red>{0}</red> 波敌人</p>,1,999,0,40136,1,1506,50637
40138,1,138,征战九州,百闻不如一见，百见不如一干。,<P>击败 <red>蓟-10</red> 的守军，距离目标还差 <red>{0}</red> 波敌人</p>,1,999,0,40137,1,1510,50638
40139,1,139,征战九州,吃一回亏，学一回乖。,<P>击败 <red>北平-3</red> 的守军，距离目标还差 <red>{0}</red> 波敌人</p>,1,999,0,40138,1,1513,50639
40140,1,140,征战九州,当家才知盐米贵，出门才晓路难行。,<P>击败 <red>北平-6</red> 的守军，距离目标还差 <red>{0}</red> 波敌人</p>,1,999,0,40139,1,1516,50640
40141,1,141,征战九州,一等二靠三落空，一想二干三成功。,<P>击败 <red>北平-10</red> 的守军，距离目标还差 <red>{0}</red> 波敌人</p>,1,999,0,40140,1,1520,50641
40142,1,142,征战九州,一天不练手脚慢，两天不练丢一半，三天不练门外汉，四天不练瞪眼看。,<P>击败 <red>襄平-3</red> 的守军，距离目标还差 <red>{0}</red> 波敌人</p>,1,999,0,40141,1,1523,50642
40143,1,143,征战九州,十年练得好文秀才，十年练不成田秀才。,<P>击败 <red>襄平-6</red> 的守军，距离目标还差 <red>{0}</red> 波敌人</p>,1,999,0,40142,1,1526,50643
40144,1,144,征战九州,人在世上练，刀在石上磨。,<P>击败 <red>襄平-10</red> 的守军，距离目标还差 <red>{0}</red> 波敌人</p>,1,999,0,40143,1,1530,50644
40145,1,145,征战九州,人行千里路，胜读十年书。,<P>击败 <red>乐浪-3</red> 的守军，距离目标还差 <red>{0}</red> 波敌人</p>,1,999,0,40144,1,1533,50645
40146,1,146,征战九州,人心隔肚皮，看人看行为。,<P>击败 <red>乐浪-6</red> 的守军，距离目标还差 <red>{0}</red> 波敌人</p>,1,999,0,40145,1,1536,50646
40147,1,147,征战九州,力是压大的，胆是吓大的。,<P>击败 <red>乐浪-10</red> 的守军，距离目标还差 <red>{0}</red> 波敌人</p>,1,999,0,40146,1,1540,50647
40148,1,148,征战九州,头回上当，二回心亮。,<P>击败 <red>带方-3</red> 的守军，距离目标还差 <red>{0}</red> 波敌人</p>,1,999,0,40147,1,1543,50648
40149,1,149,征战九州,发回水，积层泥；经一事，长一智。,<P>击败 <red>带方-6</red> 的守军，距离目标还差 <red>{0}</red> 波敌人</p>,1,999,0,40148,1,1546,50649
40150,1,150,征战九州,耳听为虚，眼见为实。,<P>击败 <red>带方-10</red> 的守军，距离目标还差 <red>{0}</red> 波敌人</p>,1,999,0,40149,1,1550,50650
40151,1,151,征战九州,老马识路数，老人通世故。,<P>击败 <red>下卞-3</red> 的守军，距离目标还差 <red>{0}</red> 波敌人</p>,1,999,0,40150,1,1553,50651
40152,1,152,征战九州,老人不讲古，后生会失谱。,<P>击败 <red>下卞-6</red> 的守军，距离目标还差 <red>{0}</red> 波敌人</p>,1,999,0,40151,1,1556,50652
40153,1,153,征战九州,老牛肉有嚼头，老人言有听头。,<P>击败 <red>下卞-10</red> 的守军，距离目标还差 <red>{0}</red> 波敌人</p>,1,999,0,40152,1,1560,50653
40154,1,154,征战九州,老姜辣味大，老人经验多。,<P>击败 <red>天水-3</red> 的守军，距离目标还差 <red>{0}</red> 波敌人</p>,1,999,0,40153,1,1563,50654
40155,1,155,征战九州,百闻不如一见，百见不如一干。,<P>击败 <red>天水-6</red> 的守军，距离目标还差 <red>{0}</red> 波敌人</p>,1,999,0,40154,1,1566,50655
40156,1,156,征战九州,吃一回亏，学一回乖。,<P>击败 <red>天水-10</red> 的守军，距离目标还差 <red>{0}</red> 波敌人</p>,1,999,0,40155,1,1570,50656
40157,1,157,征战九州,当家才知盐米贵，出门才晓路难行。,<P>击败 <red>西平-3</red> 的守军，距离目标还差 <red>{0}</red> 波敌人</p>,1,999,0,40156,1,1573,50657
40158,1,158,征战九州,头回上当，二回心亮。,<P>击败 <red>西平-6</red> 的守军，距离目标还差 <red>{0}</red> 波敌人</p>,1,999,0,40157,1,1576,50658
40159,1,159,征战九州,发回水，积层泥；经一事，长一智。,<P>击败 <red>西平-10</red> 的守军，距离目标还差 <red>{0}</red> 波敌人</p>,1,999,0,40158,1,1580,50659
40160,1,160,征战九州,耳听为虚，眼见为实。,<P>击败 <red>武威-3</red> 的守军，距离目标还差 <red>{0}</red> 波敌人</p>,1,999,0,40159,1,1583,50660
40161,1,161,征战九州,老马识路数，老人通世故。,<P>击败 <red>武威-6</red> 的守军，距离目标还差 <red>{0}</red> 波敌人</p>,1,999,0,40160,1,1586,50661
40162,1,162,征战九州,老人不讲古，后生会失谱。,<P>击败 <red>武威-10</red> 的守军，距离目标还差 <red>{0}</red> 波敌人</p>,1,999,0,40161,1,1590,50662
40163,1,163,征战九州,老牛肉有嚼头，老人言有听头。,<P>击败 <red>西凉-3</red> 的守军，距离目标还差 <red>{0}</red> 波敌人</p>,1,999,0,40162,1,1593,50663
40164,1,164,征战九州,老姜辣味大，老人经验多。,<P>击败 <red>西凉-6</red> 的守军，距离目标还差 <red>{0}</red> 波敌人</p>,1,999,0,40163,1,1596,50664
40165,1,165,征战九州,百闻不如一见，百见不如一干。,<P>击败 <red>西凉-10</red> 的守军，距离目标还差 <red>{0}</red> 波敌人</p>,1,999,0,40164,1,1600,50665
40166,1,166,征战九州,吃一回亏，学一回乖。,<P>击败 <red>南昌-3</red> 的守军，距离目标还差 <red>{0}</red> 波敌人</p>,1,999,0,40165,1,1603,50666
40167,1,167,征战九州,当家才知盐米贵，出门才晓路难行。,<P>击败 <red>南昌-6</red> 的守军，距离目标还差 <red>{0}</red> 波敌人</p>,1,999,0,40166,1,1606,50667
40168,1,168,征战九州,一等二靠三落空，一想二干三成功。,<P>击败 <red>南昌-10</red> 的守军，距离目标还差 <red>{0}</red> 波敌人</p>,1,999,0,40167,1,1610,50668
40169,1,169,征战九州,一天不练手脚慢，两天不练丢一半，三天不练门外汉，四天不练瞪眼看。,<P>击败 <red>建安-3</red> 的守军，距离目标还差 <red>{0}</red> 波敌人</p>,1,999,0,40168,1,1613,50669
40170,1,170,征战九州,十年练得好文秀才，十年练不成田秀才。,<P>击败 <red>建安-6</red> 的守军，距离目标还差 <red>{0}</red> 波敌人</p>,1,999,0,40169,1,1616,50670
40171,1,171,征战九州,人在世上练，刀在石上磨。,<P>击败 <red>建安-10</red> 的守军，距离目标还差 <red>{0}</red> 波敌人</p>,1,999,0,40170,1,1620,50671
40172,1,172,征战九州,人行千里路，胜读十年书。,<P>击败 <red>鹿耳门-3</red> 的守军，距离目标还差 <red>{0}</red> 波敌人</p>,1,999,0,40171,1,1623,50672
40173,1,173,征战九州,人心隔肚皮，看人看行为。,<P>击败 <red>鹿耳门-6</red> 的守军，距离目标还差 <red>{0}</red> 波敌人</p>,1,999,0,40172,1,1626,50673
40174,1,174,征战九州,力是压大的，胆是吓大的。,<P>击败 <red>鹿耳门-10</red> 的守军，距离目标还差 <red>{0}</red> 波敌人</p>,1,999,0,40173,1,1630,50674
40175,1,175,征战九州,头回上当，二回心亮。,<P>击败 <red>夷州-3</red> 的守军，距离目标还差 <red>{0}</red> 波敌人</p>,1,999,0,40174,1,1633,50675
40176,1,176,征战九州,发回水，积层泥；经一事，长一智。,<P>击败 <red>夷州-6</red> 的守军，距离目标还差 <red>{0}</red> 波敌人</p>,1,999,0,40175,1,1636,50676
40177,1,177,征战九州,耳听为虚，眼见为实。,<P>击败 <red>夷州-10</red> 的守军，距离目标还差 <red>{0}</red> 波敌人</p>,1,999,0,40176,1,1640,50677
40178,1,178,征战九州,老马识路数，老人通世故。,<P>击败 <red>鹰陵-3</red> 的守军，距离目标还差 <red>{0}</red> 波敌人</p>,1,999,0,40177,1,1643,50678
40179,1,179,征战九州,老人不讲古，后生会失谱。,<P>击败 <red>鹰陵-6</red> 的守军，距离目标还差 <red>{0}</red> 波敌人</p>,1,999,0,40178,1,1646,50679
40180,1,180,征战九州,老牛肉有嚼头，老人言有听头。,<P>击败 <red>鹰陵-10</red> 的守军，距离目标还差 <red>{0}</red> 波敌人</p>,1,999,0,40179,1,1650,50680
40181,1,181,征战九州,老姜辣味大，老人经验多。,<P>击败 <red>南海-3</red> 的守军，距离目标还差 <red>{0}</red> 波敌人</p>,1,999,0,40180,1,1653,50681
40182,1,182,征战九州,百闻不如一见，百见不如一干。,<P>击败 <red>南海-6</red> 的守军，距离目标还差 <red>{0}</red> 波敌人</p>,1,999,0,40181,1,1656,50682
40183,1,183,征战九州,吃一回亏，学一回乖。,<P>击败 <red>南海-10</red> 的守军，距离目标还差 <red>{0}</red> 波敌人</p>,1,999,0,40182,1,1660,50683
40184,1,184,征战九州,当家才知盐米贵，出门才晓路难行。,<P>击败 <red>苍梧-3</red> 的守军，距离目标还差 <red>{0}</red> 波敌人</p>,1,999,0,40183,1,1663,50684
40185,1,185,征战九州,头回上当，二回心亮。,<P>击败 <red>苍梧-6</red> 的守军，距离目标还差 <red>{0}</red> 波敌人</p>,1,999,0,40184,1,1666,50685
40186,1,186,征战九州,发回水，积层泥；经一事，长一智。,<P>击败 <red>苍梧-10</red> 的守军，距离目标还差 <red>{0}</red> 波敌人</p>,1,999,0,40185,1,1670,50686
40187,1,187,征战九州,耳听为虚，眼见为实。,<P>击败 <red>桂林-3</red> 的守军，距离目标还差 <red>{0}</red> 波敌人</p>,1,999,0,40186,1,1673,50687
40188,1,188,征战九州,老马识路数，老人通世故。,<P>击败 <red>桂林-6</red> 的守军，距离目标还差 <red>{0}</red> 波敌人</p>,1,999,0,40187,1,1676,50688
40189,1,189,征战九州,老人不讲古，后生会失谱。,<P>击败 <red>桂林-10</red> 的守军，距离目标还差 <red>{0}</red> 波敌人</p>,1,999,0,40188,1,1680,50689
40190,1,190,征战九州,老牛肉有嚼头，老人言有听头。,<P>击败 <red>交趾-3</red> 的守军，距离目标还差 <red>{0}</red> 波敌人</p>,1,999,0,40189,1,1683,50690
40191,1,191,征战九州,老姜辣味大，老人经验多。,<P>击败 <red>交趾-6</red> 的守军，距离目标还差 <red>{0}</red> 波敌人</p>,1,999,0,40190,1,1686,50691
40192,1,192,征战九州,百闻不如一见，百见不如一干。,<P>击败 <red>交趾-10</red> 的守军，距离目标还差 <red>{0}</red> 波敌人</p>,1,999,0,40191,1,1690,50692
41001,2,10,主公培养,只有不断成长才能赢得最终的胜利,<P>提升主公等级至 <red>10</red> 级 </p>,1,999,0,0,3,10,51001
41002,2,11,主公培养,只有不断成长才能赢得最终的胜利,<P>提升主公等级至 <red>11</red> 级 </p>,1,999,0,41001,3,11,51002
41003,2,12,主公培养,只有不断成长才能赢得最终的胜利,<P>提升主公等级至 <red>12</red> 级 </p>,1,999,0,41002,3,12,51003
41004,2,13,主公培养,只有不断成长才能赢得最终的胜利,<P>提升主公等级至 <red>13</red> 级 </p>,1,999,0,41003,3,13,51004
41005,2,14,主公培养,只有不断成长才能赢得最终的胜利,<P>提升主公等级至 <red>14</red> 级 </p>,1,999,0,41004,3,14,51005
41006,2,15,主公培养,只有不断成长才能赢得最终的胜利,<P>提升主公等级至 <red>15</red> 级 </p>,1,999,0,41005,3,15,51006
41007,2,16,主公培养,只有不断成长才能赢得最终的胜利,<P>提升主公等级至 <red>16</red> 级 </p>,1,999,0,41006,3,16,51007
41008,2,17,主公培养,只有不断成长才能赢得最终的胜利,<P>提升主公等级至 <red>17</red> 级 </p>,1,999,0,41007,3,17,51008
41009,2,18,主公培养,只有不断成长才能赢得最终的胜利,<P>提升主公等级至 <red>18</red> 级 </p>,1,999,0,41008,3,18,51009
41010,2,19,主公培养,只有不断成长才能赢得最终的胜利,<P>提升主公等级至 <red>19</red> 级 </p>,1,999,0,41009,3,19,51010
41011,2,20,主公培养,只有不断成长才能赢得最终的胜利,<P>提升主公等级至 <red>20</red> 级 </p>,1,999,0,41010,3,20,51011
41012,2,21,主公培养,只有不断成长才能赢得最终的胜利,<P>提升主公等级至 <red>21</red> 级 </p>,1,999,0,41011,3,21,51012
41013,2,22,主公培养,只有不断成长才能赢得最终的胜利,<P>提升主公等级至 <red>22</red> 级 </p>,1,999,0,41012,3,22,51013
41014,2,23,主公培养,只有不断成长才能赢得最终的胜利,<P>提升主公等级至 <red>23</red> 级 </p>,1,999,0,41013,3,23,51014
41015,2,24,主公培养,只有不断成长才能赢得最终的胜利,<P>提升主公等级至 <red>24</red> 级 </p>,1,999,0,41014,3,24,51015
41016,2,25,主公培养,只有不断成长才能赢得最终的胜利,<P>提升主公等级至 <red>25</red> 级 </p>,1,999,0,41015,3,25,51016
41017,2,26,主公培养,只有不断成长才能赢得最终的胜利,<P>提升主公等级至 <red>26</red> 级 </p>,1,999,0,41016,3,26,51017
41018,2,27,主公培养,只有不断成长才能赢得最终的胜利,<P>提升主公等级至 <red>27</red> 级 </p>,1,999,0,41017,3,27,51018
41019,2,28,主公培养,只有不断成长才能赢得最终的胜利,<P>提升主公等级至 <red>28</red> 级 </p>,1,999,0,41018,3,28,51019
41020,2,29,主公培养,只有不断成长才能赢得最终的胜利,<P>提升主公等级至 <red>29</red> 级 </p>,1,999,0,41019,3,29,51020
41021,2,30,主公培养,只有不断成长才能赢得最终的胜利,<P>提升主公等级至 <red>30</red> 级 </p>,1,999,0,41020,3,30,51021
41022,2,31,主公培养,只有不断成长才能赢得最终的胜利,<P>提升主公等级至 <red>31</red> 级 </p>,1,999,0,41021,3,31,51022
41023,2,32,主公培养,只有不断成长才能赢得最终的胜利,<P>提升主公等级至 <red>32</red> 级 </p>,1,999,0,41022,3,32,51023
41024,2,33,主公培养,只有不断成长才能赢得最终的胜利,<P>提升主公等级至 <red>33</red> 级 </p>,1,999,0,41023,3,33,51024
41025,2,34,主公培养,只有不断成长才能赢得最终的胜利,<P>提升主公等级至 <red>34</red> 级 </p>,1,999,0,41024,3,34,51025
41026,2,35,主公培养,只有不断成长才能赢得最终的胜利,<P>提升主公等级至 <red>35</red> 级 </p>,1,999,0,41025,3,35,51026
41027,2,36,主公培养,只有不断成长才能赢得最终的胜利,<P>提升主公等级至 <red>36</red> 级 </p>,1,999,0,41026,3,36,51027
41028,2,37,主公培养,只有不断成长才能赢得最终的胜利,<P>提升主公等级至 <red>37</red> 级 </p>,1,999,0,41027,3,37,51028
41029,2,38,主公培养,只有不断成长才能赢得最终的胜利,<P>提升主公等级至 <red>38</red> 级 </p>,1,999,0,41028,3,38,51029
41030,2,39,主公培养,只有不断成长才能赢得最终的胜利,<P>提升主公等级至 <red>39</red> 级 </p>,1,999,0,41029,3,39,51030
41031,2,40,主公培养,只有不断成长才能赢得最终的胜利,<P>提升主公等级至 <red>40</red> 级 </p>,1,999,0,41030,3,40,51031
41032,2,41,主公培养,只有不断成长才能赢得最终的胜利,<P>提升主公等级至 <red>41</red> 级 </p>,1,999,0,41031,3,41,51032
41033,2,42,主公培养,只有不断成长才能赢得最终的胜利,<P>提升主公等级至 <red>42</red> 级 </p>,1,999,0,41032,3,42,51033
41034,2,43,主公培养,只有不断成长才能赢得最终的胜利,<P>提升主公等级至 <red>43</red> 级 </p>,1,999,0,41033,3,43,51034
41035,2,44,主公培养,只有不断成长才能赢得最终的胜利,<P>提升主公等级至 <red>44</red> 级 </p>,1,999,0,41034,3,44,51035
41036,2,45,主公培养,只有不断成长才能赢得最终的胜利,<P>提升主公等级至 <red>45</red> 级 </p>,1,999,0,41035,3,45,51036
41037,2,46,主公培养,只有不断成长才能赢得最终的胜利,<P>提升主公等级至 <red>46</red> 级 </p>,1,999,0,41036,3,46,51037
41038,2,47,主公培养,只有不断成长才能赢得最终的胜利,<P>提升主公等级至 <red>47</red> 级 </p>,1,999,0,41037,3,47,51038
41039,2,48,主公培养,只有不断成长才能赢得最终的胜利,<P>提升主公等级至 <red>48</red> 级 </p>,1,999,0,41038,3,48,51039
41040,2,49,主公培养,只有不断成长才能赢得最终的胜利,<P>提升主公等级至 <red>49</red> 级 </p>,1,999,0,41039,3,49,51040
41041,2,50,主公培养,只有不断成长才能赢得最终的胜利,<P>提升主公等级至 <red>50</red> 级 </p>,1,999,0,41040,3,50,51041
41042,2,51,主公培养,只有不断成长才能赢得最终的胜利,<P>提升主公等级至 <red>51</red> 级 </p>,1,999,0,41041,3,51,51042
41043,2,52,主公培养,只有不断成长才能赢得最终的胜利,<P>提升主公等级至 <red>52</red> 级 </p>,1,999,0,41042,3,52,51043
41044,2,53,主公培养,只有不断成长才能赢得最终的胜利,<P>提升主公等级至 <red>53</red> 级 </p>,1,999,0,41043,3,53,51044
41045,2,54,主公培养,只有不断成长才能赢得最终的胜利,<P>提升主公等级至 <red>54</red> 级 </p>,1,999,0,41044,3,54,51045
41046,2,55,主公培养,只有不断成长才能赢得最终的胜利,<P>提升主公等级至 <red>55</red> 级 </p>,1,999,0,41045,3,55,51046
41047,2,56,主公培养,只有不断成长才能赢得最终的胜利,<P>提升主公等级至 <red>56</red> 级 </p>,1,999,0,41046,3,56,51047
41048,2,57,主公培养,只有不断成长才能赢得最终的胜利,<P>提升主公等级至 <red>57</red> 级 </p>,1,999,0,41047,3,57,51048
41049,2,58,主公培养,只有不断成长才能赢得最终的胜利,<P>提升主公等级至 <red>58</red> 级 </p>,1,999,0,41048,3,58,51049
41050,2,59,主公培养,只有不断成长才能赢得最终的胜利,<P>提升主公等级至 <red>59</red> 级 </p>,1,999,0,41049,3,59,51050
41051,2,60,主公培养,只有不断成长才能赢得最终的胜利,<P>提升主公等级至 <red>60</red> 级 </p>,1,999,0,41050,3,60,51051
41052,2,61,主公培养,只有不断成长才能赢得最终的胜利,<P>提升主公等级至 <red>61</red> 级 </p>,1,999,0,41051,3,61,51052
41053,2,62,主公培养,只有不断成长才能赢得最终的胜利,<P>提升主公等级至 <red>62</red> 级 </p>,1,999,0,41052,3,62,51053
41054,2,63,主公培养,只有不断成长才能赢得最终的胜利,<P>提升主公等级至 <red>63</red> 级 </p>,1,999,0,41053,3,63,51054
41055,2,64,主公培养,只有不断成长才能赢得最终的胜利,<P>提升主公等级至 <red>64</red> 级 </p>,1,999,0,41054,3,64,51055
41056,2,65,主公培养,只有不断成长才能赢得最终的胜利,<P>提升主公等级至 <red>65</red> 级 </p>,1,999,0,41055,3,65,51056
41057,2,66,主公培养,只有不断成长才能赢得最终的胜利,<P>提升主公等级至 <red>66</red> 级 </p>,1,999,0,41056,3,66,51057
41058,2,67,主公培养,只有不断成长才能赢得最终的胜利,<P>提升主公等级至 <red>67</red> 级 </p>,1,999,0,41057,3,67,51058
41059,2,68,主公培养,只有不断成长才能赢得最终的胜利,<P>提升主公等级至 <red>68</red> 级 </p>,1,999,0,41058,3,68,51059
41060,2,69,主公培养,只有不断成长才能赢得最终的胜利,<P>提升主公等级至 <red>69</red> 级 </p>,1,999,0,41059,3,69,51060
41061,2,70,主公培养,只有不断成长才能赢得最终的胜利,<P>提升主公等级至 <red>70</red> 级 </p>,1,999,0,41060,3,70,51061
41062,2,71,主公培养,只有不断成长才能赢得最终的胜利,<P>提升主公等级至 <red>71</red> 级 </p>,1,999,0,41061,3,71,51062
41063,2,72,主公培养,只有不断成长才能赢得最终的胜利,<P>提升主公等级至 <red>72</red> 级 </p>,1,999,0,41062,3,72,51063
41064,2,73,主公培养,只有不断成长才能赢得最终的胜利,<P>提升主公等级至 <red>73</red> 级 </p>,1,999,0,41063,3,73,51064
41065,2,74,主公培养,只有不断成长才能赢得最终的胜利,<P>提升主公等级至 <red>74</red> 级 </p>,1,999,0,41064,3,74,51065
41066,2,75,主公培养,只有不断成长才能赢得最终的胜利,<P>提升主公等级至 <red>75</red> 级 </p>,1,999,0,41065,3,75,51066
41067,2,76,主公培养,只有不断成长才能赢得最终的胜利,<P>提升主公等级至 <red>76</red> 级 </p>,1,999,0,41066,3,76,51067
41068,2,77,主公培养,只有不断成长才能赢得最终的胜利,<P>提升主公等级至 <red>77</red> 级 </p>,1,999,0,41067,3,77,51068
41069,2,78,主公培养,只有不断成长才能赢得最终的胜利,<P>提升主公等级至 <red>78</red> 级 </p>,1,999,0,41068,3,78,51069
41070,2,79,主公培养,只有不断成长才能赢得最终的胜利,<P>提升主公等级至 <red>79</red> 级 </p>,1,999,0,41069,3,79,51070
41071,2,80,主公培养,只有不断成长才能赢得最终的胜利,<P>提升主公等级至 <red>80</red> 级 </p>,1,999,0,41070,3,80,51071
41072,2,81,主公培养,只有不断成长才能赢得最终的胜利,<P>提升主公等级至 <red>81</red> 级 </p>,1,999,0,41071,3,81,51072
41073,2,82,主公培养,只有不断成长才能赢得最终的胜利,<P>提升主公等级至 <red>82</red> 级 </p>,1,999,0,41072,3,82,51073
41074,2,83,主公培养,只有不断成长才能赢得最终的胜利,<P>提升主公等级至 <red>83</red> 级 </p>,1,999,0,41073,3,83,51074
41075,2,84,主公培养,只有不断成长才能赢得最终的胜利,<P>提升主公等级至 <red>84</red> 级 </p>,1,999,0,41074,3,84,51075
41076,2,85,主公培养,只有不断成长才能赢得最终的胜利,<P>提升主公等级至 <red>85</red> 级 </p>,1,999,0,41075,3,85,51076
41077,2,86,主公培养,只有不断成长才能赢得最终的胜利,<P>提升主公等级至 <red>86</red> 级 </p>,1,999,0,41076,3,86,51077
41078,2,87,主公培养,只有不断成长才能赢得最终的胜利,<P>提升主公等级至 <red>87</red> 级 </p>,1,999,0,41077,3,87,51078
41079,2,88,主公培养,只有不断成长才能赢得最终的胜利,<P>提升主公等级至 <red>88</red> 级 </p>,1,999,0,41078,3,88,51079
41080,2,89,主公培养,只有不断成长才能赢得最终的胜利,<P>提升主公等级至 <red>89</red> 级 </p>,1,999,0,41079,3,89,51080
41081,2,90,主公培养,只有不断成长才能赢得最终的胜利,<P>提升主公等级至 <red>90</red> 级 </p>,1,999,0,41080,3,90,51081
41082,2,91,主公培养,只有不断成长才能赢得最终的胜利,<P>提升主公等级至 <red>91</red> 级 </p>,1,999,0,41081,3,91,51082
41083,2,92,主公培养,只有不断成长才能赢得最终的胜利,<P>提升主公等级至 <red>92</red> 级 </p>,1,999,0,41082,3,92,51083
41084,2,93,主公培养,只有不断成长才能赢得最终的胜利,<P>提升主公等级至 <red>93</red> 级 </p>,1,999,0,41083,3,93,51084
41085,2,94,主公培养,只有不断成长才能赢得最终的胜利,<P>提升主公等级至 <red>94</red> 级 </p>,1,999,0,41084,3,94,51085
41086,2,95,主公培养,只有不断成长才能赢得最终的胜利,<P>提升主公等级至 <red>95</red> 级 </p>,1,999,0,41085,3,95,51086
41087,2,96,主公培养,只有不断成长才能赢得最终的胜利,<P>提升主公等级至 <red>96</red> 级 </p>,1,999,0,41086,3,96,51087
41088,2,97,主公培养,只有不断成长才能赢得最终的胜利,<P>提升主公等级至 <red>97</red> 级 </p>,1,999,0,41087,3,97,51088
41089,2,98,主公培养,只有不断成长才能赢得最终的胜利,<P>提升主公等级至 <red>98</red> 级 </p>,1,999,0,41088,3,98,51089
41090,2,99,主公培养,只有不断成长才能赢得最终的胜利,<P>提升主公等级至 <red>99</red> 级 </p>,1,999,0,41089,3,99,51090
41091,2,100,主公培养,只有不断成长才能赢得最终的胜利,<P>提升主公等级至 <red>100</red> 级 </p>,1,999,0,41090,3,100,51091
41092,2,101,主公培养,只有不断成长才能赢得最终的胜利,<P>提升主公等级至 <red>101</red> 级 </p>,1,999,0,41091,3,101,51092
41093,2,102,主公培养,只有不断成长才能赢得最终的胜利,<P>提升主公等级至 <red>102</red> 级 </p>,1,999,0,41092,3,102,51093
41094,2,103,主公培养,只有不断成长才能赢得最终的胜利,<P>提升主公等级至 <red>103</red> 级 </p>,1,999,0,41093,3,103,51094
41095,2,104,主公培养,只有不断成长才能赢得最终的胜利,<P>提升主公等级至 <red>104</red> 级 </p>,1,999,0,41094,3,104,51095
41096,2,105,主公培养,只有不断成长才能赢得最终的胜利,<P>提升主公等级至 <red>105</red> 级 </p>,1,999,0,41095,3,105,51096
41097,2,106,主公培养,只有不断成长才能赢得最终的胜利,<P>提升主公等级至 <red>106</red> 级 </p>,1,999,0,41096,3,106,51097
41098,2,107,主公培养,只有不断成长才能赢得最终的胜利,<P>提升主公等级至 <red>107</red> 级 </p>,1,999,0,41097,3,107,51098
41099,2,108,主公培养,只有不断成长才能赢得最终的胜利,<P>提升主公等级至 <red>108</red> 级 </p>,1,999,0,41098,3,108,51099
41100,2,109,主公培养,只有不断成长才能赢得最终的胜利,<P>提升主公等级至 <red>109</red> 级 </p>,1,999,0,41099,3,109,51100
41101,2,110,主公培养,只有不断成长才能赢得最终的胜利,<P>提升主公等级至 <red>110</red> 级 </p>,1,999,0,41100,3,110,51101
41102,2,111,主公培养,只有不断成长才能赢得最终的胜利,<P>提升主公等级至 <red>111</red> 级 </p>,1,999,0,41101,3,111,51102
41103,2,112,主公培养,只有不断成长才能赢得最终的胜利,<P>提升主公等级至 <red>112</red> 级 </p>,1,999,0,41102,3,112,51103
41104,2,113,主公培养,只有不断成长才能赢得最终的胜利,<P>提升主公等级至 <red>113</red> 级 </p>,1,999,0,41103,3,113,51104
41105,2,114,主公培养,只有不断成长才能赢得最终的胜利,<P>提升主公等级至 <red>114</red> 级 </p>,1,999,0,41104,3,114,51105
41106,2,115,主公培养,只有不断成长才能赢得最终的胜利,<P>提升主公等级至 <red>115</red> 级 </p>,1,999,0,41105,3,115,51106
41107,2,116,主公培养,只有不断成长才能赢得最终的胜利,<P>提升主公等级至 <red>116</red> 级 </p>,1,999,0,41106,3,116,51107
41108,2,117,主公培养,只有不断成长才能赢得最终的胜利,<P>提升主公等级至 <red>117</red> 级 </p>,1,999,0,41107,3,117,51108
41109,2,118,主公培养,只有不断成长才能赢得最终的胜利,<P>提升主公等级至 <red>118</red> 级 </p>,1,999,0,41108,3,118,51109
41110,2,119,主公培养,只有不断成长才能赢得最终的胜利,<P>提升主公等级至 <red>119</red> 级 </p>,1,999,0,41109,3,119,51110
41111,2,120,主公培养,只有不断成长才能赢得最终的胜利,<P>提升主公等级至 <red>120</red> 级 </p>,1,999,0,41110,3,120,51111
41112,2,121,主公培养,只有不断成长才能赢得最终的胜利,<P>提升主公等级至 <red>121</red> 级 </p>,1,999,0,41111,3,121,51112
42001,3,1,研究 炮兵,研究科技里的解锁炮兵,<P>成功研究 <red>炮兵</red> 后，您就可以使用炮兵了</p>,1,999,0,0,12,17,51501
42002,3,1,研究 酒鬼,研究科技里的解锁酒鬼,<P>成功研究 <red>酒鬼</red> 后，您就可以使用酒鬼了</p>,1,999,0,42001,12,18,51502
42003,3,1,研究 铁甲兵,研究科技里的解锁铁甲兵,<P>成功研究 <red>铁甲兵</red> 后，您就可以使用铁甲兵了</p>,1,999,0,42002,12,19,51503
42004,3,1,研究 弩兵,研究科技里的解锁弩兵,<P>成功研究 <red>弩兵</red> 后，您就可以使用弩兵了</p>,1,999,0,42003,12,20,51504
42005,3,1,研究 枪兵,研究科技里的解锁枪兵,<P>成功研究 <red>枪兵</red> 后，您就可以使用枪兵了</p>,1,999,0,42004,12,21,51505
42006,3,1,研究 藤甲兵,研究科技里的解锁藤甲兵,<P>成功研究 <red>藤甲兵</red> 后，您就可以使用藤甲兵了</p>,1,999,0,42005,12,22,51506
42007,3,1,研究 弩车,研究科技里的解锁弩车,<P>成功研究 <red>弩车</red> 后，您就可以使用弩车了</p>,1,999,0,42006,12,23,51507
42008,3,1,研究 骑兵,研究科技里的解锁骑兵,<P>成功研究 <red>骑兵</red> 后，您就可以使用骑兵了</p>,1,999,0,42007,12,24,51508
42009,3,1,研究 雪人,研究科技里的解锁雪人,<P>成功研究 <red>雪人</red> 后，您就可以使用雪人了</p>,1,999,0,42008,12,25,51509
42010,3,1,研究 碾车,研究科技里的解锁碾车,<P>成功研究 <red>碾车</red> 后，您就可以使用碾车了</p>,1,999,0,42009,12,26,51510
42011,3,1,研究 野人,研究科技里的解锁野人,<P>成功研究 <red>野人</red> 后，您就可以使用野人了</p>,1,999,0,42010,12,27,51511
42012,3,1,研究 投石车,研究科技里的解锁投石车,<P>成功研究 <red>投石车</red> 后，您就可以使用投石车了</p>,1,999,0,42011,12,28,51512
42013,3,1,研究 士兵进阶1,研究科技里的士兵进阶1,<P>成功研究 <red>士兵进阶1</red> 后，您可以进阶兵种到2阶</p>,1,999,0,42012,12,1,51513
42014,3,1,研究 士兵进阶2,研究科技里的士兵进阶2,<P>成功研究 <red>士兵进阶2</red> 后，您可以进阶兵种到3阶</p>,1,999,0,42013,12,2,51514
42015,3,1,研究 士兵进阶3,研究科技里的士兵进阶3,<P>成功研究 <red>士兵进阶3</red> 后，您可以进阶兵种到4阶</p>,1,999,0,42014,12,3,51515
42016,3,1,研究 士兵进阶4,研究科技里的士兵进阶4,<P>成功研究 <red>士兵进阶4</red> 后，您可以进阶兵种到5阶</p>,1,999,0,42015,12,4,51516
42017,4,1,研究 统帅提升1,研究科技里的统帅提升1,<P>成功研究 <red>统帅提升1</red> 后，您可以在征战天下中上阵3个武将</p>,1,999,0,0,12,5,51517
42018,4,1,研究 统帅提升2,研究科技里的统帅提升2,<P>成功研究 <red>统帅提升2</red> 后，您可以在征战天下中上阵4个武将</p>,1,999,0,42017,12,6,51518
42019,4,1,研究 统帅提升3,研究科技里的统帅提升3,<P>成功研究 <red>统帅提升3</red> 后，您可以在征战天下中上阵5个武将</p>,1,999,0,42018,12,7,51519
42020,4,1,研究 沙场点兵1,研究科技里的沙场点兵1,<P>成功研究 <red>沙场点兵1</red> 后，您可以在沙场点兵中上阵4个武将</p>,1,999,0,42019,12,8,51520
42021,4,1,研究 沙场点兵2,研究科技里的沙场点兵2,<P>成功研究 <red>沙场点兵2</red> 后，您可以在沙场点兵中上阵5个武将</p>,1,999,0,42020,12,9,51521
42022,4,1,研究 沙场点兵3,研究科技里的沙场点兵3,<P>成功研究 <red>沙场点兵3</red> 后，您可以在沙场点兵中上阵6个武将</p>,1,999,0,42021,12,10,51522
42023,4,1,研究 沙场点兵4,研究科技里的沙场点兵4,<P>成功研究 <red>沙场点兵4</red> 后，您可以在沙场点兵中上阵7个武将</p>,1,999,0,42022,12,11,51523
42024,4,1,研究 沙场点兵5,研究科技里的沙场点兵5,<P>成功研究 <red>沙场点兵5</red> 后，您可以在沙场点兵中上阵8个武将</p>,1,999,0,42023,12,12,51524
42025,4,1,研究 沙场点兵6,研究科技里的沙场点兵6,<P>成功研究 <red>沙场点兵6</red> 后，您可以在沙场点兵中上阵9个武将</p>,1,999,0,42024,12,13,51525
42026,4,1,研究 沙场点兵7,研究科技里的沙场点兵7,<P>成功研究 <red>沙场点兵7</red> 后，您可以在沙场点兵中上阵10个武将</p>,1,999,0,42025,12,14,51526
42027,4,1,研究 沙场点兵8,研究科技里的沙场点兵8,<P>成功研究 <red>沙场点兵8</red> 后，您可以在沙场点兵中上阵11个武将</p>,1,999,0,42026,12,15,51527
42028,4,1,研究 沙场点兵9,研究科技里的沙场点兵9,<P>成功研究 <red>沙场点兵9</red> 后，您可以在沙场点兵中上阵12个武将</p>,1,999,0,42027,12,16,51528
42029,4,1,研究 沙场点兵10,研究科技里的沙场点兵10,<P>成功研究 <red>沙场点兵10</red> 后，您可以在沙场点兵中上阵13个武将</p>,1,999,0,42028,12,29,51529
42030,4,1,研究 沙场点兵11,研究科技里的沙场点兵11,<P>成功研究 <red>沙场点兵11</red> 后，您可以在沙场点兵中上阵14个武将</p>,1,999,0,42029,12,30,51530
42031,4,1,研究 沙场点兵12,研究科技里的沙场点兵12,<P>成功研究 <red>沙场点兵12</red> 后，您可以在沙场点兵中上阵15个武将</p>,1,999,0,42030,12,31,51531
